keys,en_US,pt_BR
Wandering,[center]Fred (me?),[center]Fred (eu?)
WatcherTutorial,"[center]How unlucky, you fell into a pit while climbing the mountains, find a way out.","[center]Quanto azar… você caiu em uma fenda enquanto escalava as montanhas, encontre uma saída"
TutorialFred1,[center]What?.…,[center] O que?.…
TutorialFred2,"[center]Strange, my map changed","[center]Estranho, meu mapa mudou"
TutorialTrio,[center]Come and play with us!,[center]Venha e brinque conosco!
TutorialFred3,[center]What kind of place is this?,[center]Que raio de lugar é esse?
DialogueButton,What?,O que?
StartButton,Start,Iniciar
QuitButton,Quit,Sair
ResumeButton,Resume,Continuar
